{"cameraMode":{"drawMode":0,"name":"Shaded","section":"Shading Mode"},"sceneLighting":true,"audioPlay":false,"sceneViewState":{"showFog":true,"showMaterialUpdate":false,"showSkybox":true,"showFlares":true,"showImageEffects":true,"showParticleSystems":true},"in2DMode":false,"pivot":{"x":10.213666915893555,"y":-3.9031906127929689,"z":-0.41727447509765627},"rotation":{"x":0.1392040103673935,"y":-0.8608034253120422,"z":0.3463131785392761,"w":0.3460065424442291},"size":53.61518478393555,"orthographic":false}